"Layer 1","MSE","User Time","CPU Time"
6,157.339833823636,0.04,0.02
7,151.729217676275,0.06,0.01
8,200.025760531539,0.08,0
9,172.667514929457,0.03,0
10,56.8609282150576,0.05,0.01
11,100.701236507183,0.03,0.02
12,121.602490586235,0.05,0.01
